,ajps,jop,the_review
stata,0.13036303630363036,0.16310160427807488,0.12877442273534637
r,0.12706270627062707,0.13636363636363635,0.10746003552397869
spss,0.01155115511551155,0.00089126559714795,0
other,0.731023102310231,0.6996434937611409,0.763765541740675
