,ajps,jop,the_review
regression,0.039430028289037126,0.10623685344281406,0.0859798243975341
other,0.9605699717109629,0.8937631465571859,0.914020175602466
