,ajps,jop,the_review
linear_regression,0.024811743068327723,0.05286222952615722,0.040001822406487766
nonlinear_regression,0.014852344102439533,0.053708821991484273,0.04387443619299285
other,0.9603359128292327,0.8934289484823585,0.9161237414005193
