,BJPolS,FPA,JPublicPolicy,PSRM,ajps,economics,interact,internationalinteractions,ipsr-risp,isq,jeehp,jhr,jop,pan,polbehavior,qje,researchandpolitics,sppq,the_review,xps
stata,0.4885844748858447,0.5952380952380952,0.4727272727272727,0.3684210526315789,0.4420485175202156,0.1267605633802817,0.3333333333333333,0.6600790513833992,0.5172413793103449,0.5653104925053534,0.0,0.5,0.48329621380846327,0.14835164835164835,0.5782312925170068,0.75,0.5319148936170213,0.5263157894736842,0.31176470588235294,0.5357142857142857
r,0.1917808219178082,0.08333333333333333,0.2,0.31983805668016196,0.2560646900269542,0.023474178403755867,0.0,0.1067193675889328,0.034482758620689655,0.07708779443254818,0.0,0.03333333333333333,0.27839643652561247,0.48626373626373626,0.272108843537415,0.013157894736842105,0.19680851063829788,0.1368421052631579,0.3,0.26785714285714285
both,0.1324200913242009,0.011904761904761904,0.10909090909090909,0.1700404858299595,0.15363881401617252,0.0,0.0,0.07114624505928854,0.034482758620689655,0.05353319057815846,0.0,0.0,0.155902004454343,0.08241758241758242,0.07482993197278912,0.06578947368421052,0.10106382978723404,0.09473684210526316,0.12941176470588237,0.08928571428571429
neither,0.1872146118721461,0.30952380952380953,0.21818181818181817,0.1417004048582996,0.14824797843665768,0.8497652582159625,0.6666666666666666,0.16205533596837945,0.41379310344827586,0.30406852248394006,1.0,0.4666666666666667,0.08240534521158129,0.28296703296703296,0.07482993197278912,0.17105263157894737,0.1702127659574468,0.24210526315789474,0.25882352941176473,0.10714285714285714
