,BJPolS,FPA,JPublicPolicy,PSRM,ajps,economics,internationalinteractions,ipsr-risp,isq,jeehp,jhr,jop,pan,polbehavior,qje,researchandpolitics,sppq,the_review,xps
stata,0.5294117647058824,0.8,0.4666666666666667,0.23529411764705882,0.3584905660377358,0.13333333333333333,0.6477272727272727,0.6428571428571429,0.6015325670498084,0.0,0.3333333333333333,0.5241935483870968,0.1590909090909091,0.5714285714285714,0.8,0.6,0.6071428571428571,0.3090909090909091,0.5217391304347826
r,0.23529411764705882,0.2,0.3,0.5098039215686274,0.33962264150943394,0.06666666666666667,0.1590909090909091,0.14285714285714285,0.09195402298850575,0.0,0.3333333333333333,0.23387096774193547,0.75,0.2857142857142857,0.0,0.15,0.17857142857142858,0.34545454545454546,0.21739130434782608
both,0.0784313725490196,0.0,0.1,0.13725490196078433,0.18867924528301888,0.0,0.11363636363636363,0.0,0.06896551724137931,0.0,0.0,0.1774193548387097,0.06818181818181818,0.047619047619047616,0.03333333333333333,0.2,0.10714285714285714,0.23636363636363636,0.13043478260869565
neither,0.1568627450980392,0.0,0.13333333333333333,0.11764705882352941,0.11320754716981132,0.8,0.07954545454545454,0.21428571428571427,0.23754789272030652,1.0,0.3333333333333333,0.06451612903225806,0.022727272727272728,0.09523809523809523,0.16666666666666666,0.05,0.10714285714285714,0.10909090909090909,0.13043478260869565
