,ajps,jop,the_review
stata,0.13036303630363036,0.16295636687444345,0.12877442273534637
stata_data,0.07425742574257425,0.2413178984861977,0.1811722912966252
stata_other,0,0.006233303650934996,0.007992895204262877
r,0.12706270627062707,0.13624220837043632,0.10746003552397869
r_data,0.05115511551155116,0.11130899376669635,0.08614564831261101
r_other,0.024752475247524754,0,0.0008880994671403197
other,0.5808580858085809,0.340160284951024,0.48756660746003555
