,ajps,jop,the_review
stata,0.39622641509433965,0.5403225806451613,0.34545454545454546
r,0.32075471698113206,0.23387096774193547,0.34545454545454546
both,0.24528301886792453,0.1935483870967742,0.2
neither,0.03773584905660377,0.03225806451612903,0.10909090909090909
