,ajps,jop,the_review
stata,0.12421383647798742,0.15663716814159293,0.14036996735582155
r,0.12421383647798742,0.13539823008849558,0.11425462459194777
other,0.7515723270440252,0.7079646017699115,0.7453754080522307
